,avg_global_temp,avg_local_temp
count,257.0,257.0
mean,8.35700530599611,14.362245136186772
std,0.451586033362904,0.49127722394516365
min,7.236363636,12.657
25%,8.056363636,14.15
50%,8.270909091,14.359000000000002
75%,8.64,14.655
max,9.603636364,15.526
